<application>
  <component name="MaterialThemeConfig">
    <option name="allowDataCollection" value="true" />
    <option name="isContrastMode" value="true" />
    <option name="isHighContrast" value="true" />
    <option name="isWizardShown" value="true" />
    <option name="overrideAccentColor" value="false" />
    <option name="pristineConfig" value="false" />
    <option name="settingsSelectedTab" value="6" />
    <option name="accentColor" value="42a5f5" />
    <option name="selectedTheme" value="CUSTOM" />
    <option name="userId" value="-7a8cc344:171f56d4056:-8000" />
    <option name="version" value="4.11.5" />
  </component>
</application>